{
  "name": "run",
  "description": "Builds the application and serves up the assets via a local web server, watching files for changes as you work.",
  "flags": [
    {
      "name": "env",
      "description": "Sets the build environment.",
      "type": "string"
    },
    {
      "name": "open",
      "description": "Open the default browser at the application location.",
      "type": "boolean"
    },
    {
      "name": "auto-install",
      "description": "auto install missing npm package using npm or yarn (set by aurelia.json packageManager, or existence of yarn.lock file).",
      "type": "boolean"
    }
  ]
}
