{
	"name": "aurelia-phaser-template",
	"type": "project:application",
	"bundler": {
		"id": "cli",
		"displayName": "Aurelia-CLI"
	},
	"httpProtocol": {
		"id": "http1",
		"displayName": "HTTP/1.1"
	},
	"build": {
		"targets": [{
			"id": "web",
			"displayName": "Web",
			"port": 9000,
			"index": "index.html",
			"baseDir": ".",
			"output": "scripts"
		}],
		"options": {
			"minify": "stage & prod",
			"sourcemaps": "dev & stage",
			"rev": false,
			"cache": "dev & stage"
		},
		"bundles": [{
				"name": "app-bundle.js",
				"source": [
					"**/*.{js,json,css,html}"
				]
			},
			{
				"name": "vendor-bundle.js",
				"prepend": [
					"node_modules/bluebird/js/browser/bluebird.core.js",
					{
						"path": "node_modules/aurelia-cli/lib/resources/scripts/configure-bluebird-no-long-stacktraces.js",
						"env": "stage & prod"
					},
					{
						"path": "node_modules/aurelia-cli/lib/resources/scripts/configure-bluebird.js",
						"env": "dev"
					},
					"node_modules/@babel/polyfill/browser.js",
					"node_modules/requirejs/require.js"
				],
				"dependencies": [
					"aurelia-bootstrapper",
					"aurelia-loader-default",
					"aurelia-pal-browser",
					{
						"name": "aurelia-testing",
						"env": "dev"
					},
					"text",
					{
						"name": "phaser",
						"path": "../node_modules/phaser/dist",
						"main": "phaser"
					},
					{
						"name": "phaser-facebook-instant-games",
						"path": "../node_modules/phaser/dist",
						"main": "phaser-facebook-instant-games"
					}
				]
			}
		],
		"loader": {
			"type": "require",
			"configTarget": "vendor-bundle.js",
			"includeBundleMetadataInConfig": "auto",
			"plugins": [{
				"name": "text",
				"extensions": [
					".html",
					".css"
				],
				"stub": true
			}]
		}
	},
	"platform": {
		"id": "web",
		"displayName": "Web",
		"port": 9000,
		"index": "index.html",
		"baseDir": ".",
		"output": "scripts"
	},
	"transpiler": {
		"id": "babel",
		"displayName": "Babel",
		"fileExtension": ".js",
		"options": {
			"plugins": [
				[
					"@babel/plugin-transform-modules-amd",
					{
						"loose": true
					}
				]
			]
		},
		"source": "src/**/*.js"
	},
	"markupProcessor": {
		"id": "none",
		"displayName": "None",
		"fileExtension": ".html",
		"source": "src/**/*.html"
	},
	"cssProcessor": {
		"id": "none",
		"displayName": "None",
		"fileExtension": ".css",
		"source": "src/**/*.css"
	},
	"jsonProcessor": {
		"id": "none",
		"displayName": "None",
		"fileExtension": ".json",
		"source": "src/**/*.json"
	},
	"editor": {
		"id": "atom",
		"displayName": "Atom"
	},
	"unitTestRunners": [{
		"id": "none",
		"displayName": "None"
	}],
	"integrationTestRunner": {
		"id": "none",
		"displayName": "None"
	},
	"paths": {
		"root": "src",
		"resources": "resources",
		"elements": "resources/elements",
		"attributes": "resources/attributes",
		"valueConverters": "resources/value-converters",
		"bindingBehaviors": "resources/binding-behaviors"
	},
	"packageManager": "npm"
}
